id_siniestro,id_poliza,id_asegurado,id_proveedor,ramo,cobertura,fecha_ocurrencia,fecha_reporte,monto_reclamado,monto_estimado,monto_pagado,estado,sucursal,descripcion,documentos_completos,beneficiario,dias_desde_inicio_poliza,dias_desde_fin_poliza,dias_entre_ocurrencia_reporte,historial_siniestros_asegurado,etiqueta_fraude_simulada,created_at,updated_at,id_asegurado_poliza,ramo_poliza,fecha_inicio,fecha_fin,prima,suma_asegurada,deducible,canal_venta,ciudad,estado_poliza,created_at_poliza,updated_at_poliza,segmento,antiguedad_meses,ciudad_asegurado,numero_polizas,reclamos_ultimos_12_meses,mora_actual,score_cliente_simulado,created_at_asegurado,updated_at_asegurado,id_vehiculo,placa,chasis,motor,marca,modelo,anio,created_at_vehiculo,updated_at_vehiculo,tipo,ciudad_proveedor,reclamos_asociados,monto_promedio_reclamado,porcentaje_casos_observados,antiguedad_meses_proveedor,created_at_proveedor,updated_at_proveedor,docs_inconsistentes,docs_faltantes,freq_asegurado_18m,freq_vehiculo_18m,freq_conductor_18m,is_rc_only,rc_prev_vehiculo_18m,score_reclamo_vigencia,score_demora_robo,score_freq_asegurado,score_freq_vehiculo,score_freq_conductor,score_rc_only,score_proveedor,score_docs_incompletos,score_docs_inconsistentes,score_dinamica_sospechosa,score_sin_tercero,score_reporte_tardio,score_monto_suma_asegurada,score_total_reglas
1,1,50,28.0,OTRO,Cobertura especial,2026-05-11,2026-05-27,4830.07,4173.47,0.0,CIERRE_SIN_CONSECUENCIA,Sucursal Manta,Siniestro simulado de ramo otro por cobertura asistencia reportado en Guayaquil.,True,CLINICA,348,-17,16,0,0,2026-05-15 09:47:00,2026-05-18 12:08:00,50,OTRO,2025-05-28,2026-05-28,545.92,21580.97,455.25,AGENTE,Guayaquil,ACTIVA,2026-05-12 09:17:00,2026-05-15 12:38:00,MASIVO,54,Guayaquil,3,2,297.97,656.4,2026-05-24 08:50:00,2026-05-27 11:11:00,,,,,,,,,,CLINICA,Cuenca,3.0,11552.11,33.33,37.0,2026-05-22 16:36:00,2026-05-25 09:57:00,True,False,1,0,1,False,0,4,0,0,0,0,0,5,0,10,0,0,5,0,24
2,2,8,11.0,HOGAR,Responsabilidad familiar,2025-09-17,2025-09-27,2482.29,1985.12,1540.39,PAGO_TOTAL,Matriz Guayaquil,Siniestro simulado de ramo hogar por cobertura daños por agua reportado en Ambato.,True,PERITO,303,-427,10,0,0,2026-05-16 10:54:00,2026-05-19 13:15:00,8,HOGAR,2024-11-18,2026-11-18,519.15,31712.15,444.73,WEB,Ambato,ACTIVA,2026-05-13 10:24:00,2026-05-16 13:45:00,MASIVO,34,Daule,1,1,0.0,852.0,2026-05-09 16:56:00,2026-05-12 09:17:00,,,,,,,,,,PERITO,Ambato,5.0,18791.9,40.0,133.0,2026-05-05 09:37:00,2026-05-08 12:58:00,False,False,0,0,0,True,0,0,0,0,0,0,0,10,0,0,0,0,5,0,15
3,3,56,15.0,HOGAR,Robo domiciliario,2023-11-23,2023-12-09,39825.18,39104.68,38351.48,PAGO_TOTAL,Sucursal Manta,Siniestro simulado de ramo hogar por cobertura responsabilidad familiar reportado en Ambato.,False,PERITO,275,-90,16,0,0,2026-05-17 11:01:00,2026-05-20 14:22:00,56,HOGAR,2023-02-21,2024-02-21,1551.26,82847.76,753.2,AGENTE,Ambato,VENCIDA,2026-05-14 11:31:00,2026-05-17 14:52:00,PYME,33,Ambato,4,2,1167.72,717.36,2026-05-03 14:32:00,2026-05-06 17:53:00,,,,,,,,,,PERITO,Guayaquil,4.0,18968.45,25.0,79.0,2026-05-09 13:05:00,2026-05-12 16:26:00,True,True,1,0,1,False,0,0,8,0,0,0,0,5,4,10,0,0,5,4,36
4,4,13,4.0,SALUD,Hospitalización,2024-01-20,2024-01-22,27810.18,24813.58,0.0,NEGATIVA,Sucursal Cuenca,Siniestro simulado de ramo salud por cobertura consulta especializada reportado en Guayaquil.,True,TALLER,189,-176,2,0,0,2026-05-18 12:08:00,2026-05-21 15:29:00,13,SALUD,2023-07-15,2024-07-14,2146.99,55004.66,2181.3,BROKER,Guayaquil,VENCIDA,2026-05-15 12:38:00,2026-05-18 15:59:00,CORPORATIVO,176,Cuenca,2,1,0.0,608.57,2026-05-14 11:31:00,2026-05-17 14:52:00,,,,,,,,,,TALLER,Santo Domingo,3.0,24763.94,8.17,168.0,2026-05-25 12:48:00,2026-05-01 15:09:00,False,False,0,0,0,False,0,0,0,0,0,0,0,5,0,0,0,0,0,4,9
5,5,56,26.0,VIDA,Enfermedad grave,2023-09-24,2023-10-05,4730.35,4924.49,381.04,ANTICIPO,Sucursal Cuenca,Siniestro simulado de ramo vida por cobertura gastos funerarios reportado en Ambato.,True,CLINICA,134,-46,11,1,0,2026-05-19 13:15:00,2026-05-22 16:36:00,56,VIDA,2023-05-13,2023-11-09,3453.28,87744.63,6135.72,OFICINA,Ambato,VENCIDA,2026-05-16 13:45:00,2026-05-19 16:06:00,PYME,33,Ambato,4,2,1167.72,717.36,2026-05-03 14:32:00,2026-05-06 17:53:00,,,,,,,,,,CLINICA,Loja,2.0,4497.92,16.79,162.0,2026-05-20 14:22:00,2026-05-23 17:43:00,False,False,0,0,0,False,0,0,0,0,0,0,0,0,0,0,0,0,5,0,5
6,6,7,21.0,GENERALES,Riesgos nombrados,2025-03-16,2025-04-10,89827.69,81698.37,0.0,NEGATIVA,Sucursal Cuenca,Siniestro simulado de ramo generales por cobertura equipo electrónico reportado en Quito. Caso marcado como observado para entrenamiento por patrones atipicos simulados.,False,ASEGURADO,158,-22,25,0,1,2026-05-20 14:22:00,2026-05-23 17:43:00,7,GENERALES,2024-10-09,2025-04-07,2738.17,90481.03,3398.76,AGENTE,Quito,VENCIDA,2026-05-17 14:52:00,2026-05-20 17:13:00,INDIVIDUAL,22,Quito,3,1,0.0,647.34,2026-05-08 15:49:00,2026-05-11 08:10:00,,,,,,,,,,BENEFICIARIO,Daule,3.0,38119.61,33.33,89.0,2026-05-15 09:47:00,2026-05-18 12:08:00,True,False,1,0,1,False,0,4,0,0,0,0,0,5,4,10,6,0,5,5,39
7,7,25,30.0,GENERALES,Riesgos nombrados,2025-03-27,2025-04-24,15389.92,14145.42,0.0,RESERVA,Sucursal Quito,Siniestro simulado de ramo generales por cobertura riesgos nombrados reportado en Quito.,False,PROVEEDOR,452,-278,28,0,0,2026-05-21 15:29:00,2026-05-24 08:50:00,25,GENERALES,2023-12-31,2025-12-30,3184.12,50472.87,2457.94,CALL_CENTER,Quito,VENCIDA,2026-05-18 15:59:00,2026-05-21 08:20:00,INDIVIDUAL,24,Quito,2,0,0.0,437.17,2026-05-26 13:55:00,2026-05-02 16:16:00,,,,,,,,,,PROVEEDOR,Quito,1.0,15389.92,19.7,26.0,2026-05-24 08:50:00,2026-05-27 11:11:00,True,False,1,0,1,False,0,0,0,0,0,0,0,0,4,10,0,0,5,0,19
8,8,26,26.0,SALUD,Hospitalización,2024-04-23,2024-05-23,4265.48,3637.66,0.0,RESERVA,Sucursal Machala,Siniestro simulado de ramo salud por cobertura consulta especializada reportado en Manta.,True,CLINICA,187,-178,30,0,0,2026-05-22 16:36:00,2026-05-25 09:57:00,26,SALUD,2023-10-19,2024-10-18,565.85,11254.8,501.27,CALL_CENTER,Manta,VENCIDA,2026-05-19 16:06:00,2026-05-22 09:27:00,VIP,164,Guayaquil,1,0,0.0,568.21,2026-05-27 14:02:00,2026-05-03 17:23:00,,,,,,,,,,CLINICA,Loja,2.0,4497.92,16.79,162.0,2026-05-20 14:22:00,2026-05-23 17:43:00,False,False,0,0,0,False,0,0,0,0,0,0,0,0,0,0,0,0,5,0,5
9,9,49,25.0,VEHICULOS,Choque parcial,2023-09-06,2023-09-07,22184.07,17699.13,0.0,RESERVA,Sucursal Machala,Siniestro simulado de ramo vehiculos por cobertura pérdida parcial reportado en Santo Domingo. Caso marcado como observado para entrenamiento por patrones atipicos simulados.,False,CLINICA,127,-238,1,0,1,2026-05-23 17:43:00,2026-05-26 10:04:00,49,VEHICULOS,2023-05-02,2024-05-01,629.32,21628.22,1676.93,BANCA_SEGUROS,Santo Domingo,VENCIDA,2026-05-20 17:13:00,2026-05-23 10:34:00,MASIVO,107,Ambato,4,2,545.21,500.41,2026-05-23 17:43:00,2026-05-26 10:04:00,1.0,PBA-1117,Y0XUU7XAJUB1HP1L5,MTR9EQRGU8EY,NISSAN,FRONTIER,2014.0,2026-05-20 17:13:00,2026-05-23 10:34:00,CLINICA,Ambato,1.0,22184.07,100.0,153.0,2026-05-19 13:15:00,2026-05-22 16:36:00,True,True,0,0,0,False,0,0,0,0,0,0,0,10,4,10,6,0,0,5,35
10,10,20,,SALUD,Cirugía ambulatoria,2024-09-20,2024-09-29,12362.38,9599.32,0.0,CIERRE_SIN_CONSECUENCIA,Sucursal Manta,Siniestro simulado de ramo salud por cobertura hospitalización reportado en Portoviejo.,False,ASEGURADO,182,-548,9,0,0,2026-05-24 08:50:00,2026-05-27 11:11:00,20,SALUD,2024-03-22,2026-03-22,2956.91,43266.77,2233.87,WEB,Portoviejo,VENCIDA,2026-05-21 08:20:00,2026-05-24 11:41:00,VIP,102,Portoviejo,1,0,0.0,627.19,2026-05-21 08:20:00,2026-05-24 11:41:00,,,,,,,,,,,,,,,,,,True,False,0,0,0,False,0,0,0,0,0,0,0,0,4,10,0,0,5,0,19
11,11,45,,VEHICULOS,Daños a terceros,2023-11-13,2023-12-08,4764.62,4993.31,4166.44,PAGO_TOTAL,Matriz Guayaquil,Siniestro simulado de ramo vehiculos por cobertura daños a terceros reportado en Machala.,False,,179,-1,25,0,0,2026-05-25 09:57:00,2026-05-01 12:18:00,45,VEHICULOS,2023-05-18,2023-11-14,2103.52,33306.42,598.18,BANCA_SEGUROS,Machala,VENCIDA,2026-05-22 09:27:00,2026-05-25 12:48:00,VIP,176,Machala,2,0,0.0,735.87,2026-05-19 13:15:00,2026-05-22 16:36:00,2.0,GCA-1144,NWYMYVLDBTYN6J6E7,MTRY7D17UTTI,RENAULT,DUSTER,2016.0,2026-05-22 09:27:00,2026-05-25 12:48:00,,,,,,,,,True,False,0,0,0,False,0,8,0,0,0,0,0,0,4,10,0,0,5,0,27
12,12,24,7.0,HOGAR,Incendio,2026-04-05,2026-04-24,4765.57,4084.21,1968.23,PAGO_PARCIAL,Sucursal Quito,Siniestro simulado de ramo hogar por cobertura robo domiciliario reportado en Loja.,True,CLINICA,225,-505,19,0,0,2026-05-26 10:04:00,2026-05-02 13:25:00,24,HOGAR,2025-08-23,2027-08-23,2791.42,67692.23,1866.26,WEB,Loja,ACTIVA,2026-05-23 10:34:00,2026-05-26 13:55:00,MASIVO,78,Loja,3,1,587.72,800.6,2026-05-25 12:48:00,2026-05-01 15:09:00,,,,,,,,,,CLINICA,Quito,4.0,24617.57,10.58,99.0,2026-05-01 15:09:00,2026-05-04 08:30:00,False,False,1,0,1,False,0,0,0,0,0,0,0,5,0,0,0,0,5,0,10
13,13,50,6.0,VIDA,Fallecimiento,2025-07-15,2025-07-22,28288.03,29440.67,0.0,RESERVA,Matriz Guayaquil,Siniestro simulado de ramo vida por cobertura gastos funerarios reportado en Guayaquil.,True,TALLER,159,-206,7,1,0,2026-05-27 11:11:00,2026-05-03 14:32:00,50,VIDA,2025-02-06,2026-02-06,3040.4,96104.71,5627.43,WEB,Guayaquil,VENCIDA,2026-05-24 11:41:00,2026-05-27 14:02:00,MASIVO,54,Guayaquil,3,2,297.97,656.4,2026-05-24 08:50:00,2026-05-27 11:11:00,,,,,,,,,,TALLER,Manta,3.0,14183.46,0.75,43.0,2026-05-27 14:02:00,2026-05-03 17:23:00,False,False,1,0,1,False,0,0,0,0,0,0,0,5,0,0,0,0,3,4,12
14,14,32,16.0,OTRO,Asistencia,2025-12-24,2025-12-24,1745.29,1826.17,0.0,CIERRE_SIN_CONSECUENCIA,Sucursal Manta,Siniestro simulado de ramo otro por cobertura cobertura especial reportado en Santo Domingo.,True,PROVEEDOR,132,-598,0,0,0,2026-05-01 12:18:00,2026-05-04 15:39:00,32,OTRO,2025-08-14,2027-08-14,1427.7,18247.74,415.27,AGENTE,Santo Domingo,SUSPENDIDA,2026-05-25 12:48:00,2026-05-01 15:09:00,PYME,147,Santo Domingo,3,2,0.0,742.44,2026-05-06 10:44:00,2026-05-09 13:05:00,,,,,,,,,,PROVEEDOR,Guayaquil,6.0,11257.36,6.63,151.0,2026-05-10 14:12:00,2026-05-13 17:33:00,False,False,1,0,1,False,0,0,0,0,0,0,0,5,0,0,0,0,0,0,5
15,15,42,18.0,SALUD,Emergencia,2025-03-27,2025-04-23,8445.42,6389.52,0.0,CIERRE_SIN_CONSECUENCIA,Matriz Guayaquil,Siniestro simulado de ramo salud por cobertura medicamentos reportado en Machala.,True,PERITO,53,-312,27,0,0,2026-05-02 13:25:00,2026-05-05 16:46:00,42,SALUD,2025-02-02,2026-02-02,1704.86,22563.81,1700.5,BROKER,Machala,VENCIDA,2026-05-26 13:55:00,2026-05-02 16:16:00,VIP,179,Machala,1,0,0.0,682.3,2026-05-16 10:54:00,2026-05-19 13:15:00,,,,,,,,,,PERITO,Guayaquil,4.0,25946.51,11.01,24.0,2026-05-12 16:26:00,2026-05-15 09:47:00,False,False,0,0,0,False,0,0,0,0,0,0,0,5,0,0,0,0,5,0,10
16,16,9,29.0,VIDA,Incapacidad total,2026-04-30,2026-05-24,61761.02,53737.26,0.0,NEGATIVA,Sucursal Cuenca,Siniestro simulado de ramo vida por cobertura incapacidad total reportado en Quito. Caso marcado como observado para entrenamiento por patrones atipicos simulados.,False,TALLER,313,-417,24,0,1,2026-05-03 14:32:00,2026-05-06 17:53:00,9,VIDA,2025-06-21,2027-06-21,2354.9,60854.4,3257.24,CALL_CENTER,Quito,ACTIVA,2026-05-27 14:02:00,2026-05-03 17:23:00,PYME,131,Cuenca,3,1,0.0,702.28,2026-05-10 17:03:00,2026-05-13 10:24:00,,,,,,,,,,TALLER,Santo Domingo,3.0,26505.98,33.33,140.0,2026-05-23 17:43:00,2026-05-26 10:04:00,True,True,0,0,0,False,0,0,0,0,0,0,0,5,4,10,6,0,5,5,35
17,17,34,31.0,HOGAR,Incendio,2025-10-30,2025-11-05,31027.91,26149.78,0.0,NEGATIVA,Sucursal Cuenca,Siniestro simulado de ramo hogar por cobertura incendio reportado en Daule.,True,TALLER,238,-127,6,0,0,2026-05-04 15:39:00,2026-05-07 08:00:00,34,HOGAR,2025-03-06,2026-03-06,2770.17,85224.63,1156.67,CALL_CENTER,Daule,SUSPENDIDA,2026-05-01 15:09:00,2026-05-04 08:30:00,MASIVO,102,Daule,1,1,0.0,706.95,2026-05-08 12:58:00,2026-05-11 15:19:00,,,,,,,,,,TALLER,Santo Domingo,2.0,26575.21,50.0,92.0,2026-05-25 09:57:00,2026-05-01 12:18:00,True,False,0,0,0,False,0,0,0,0,0,0,0,10,0,10,0,0,3,4,27
18,18,58,24.0,VIDA,Incapacidad total,2023-04-04,2023-04-04,43356.97,40058.56,36160.42,LIQUIDADO,Sucursal Quito,Siniestro simulado de ramo vida por cobertura enfermedad grave reportado en Loja.,True,CLINICA,63,-302,0,0,0,2026-05-05 16:46:00,2026-05-08 09:07:00,58,VIDA,2023-01-31,2024-01-31,4023.2,126140.47,3898.14,CALL_CENTER,Loja,ANULADA,2026-05-02 16:16:00,2026-05-05 09:37:00,INDIVIDUAL,163,Loja,2,0,0.0,539.56,2026-05-05 16:46:00,2026-05-08 09:07:00,,,,,,,,,,CLINICA,Portoviejo,6.0,14380.89,16.67,138.0,2026-05-18 12:08:00,2026-05-21 15:29:00,False,False,0,0,0,False,0,0,0,0,0,0,0,5,0,0,0,0,0,4,9
19,19,12,,GENERALES,Riesgos nombrados,2025-12-12,2026-01-02,27525.11,21271.16,13315.86,ANTICIPO,Sucursal Machala,Siniestro simulado de ramo generales por cobertura transporte de mercadería reportado en Machala. Caso marcado como observado para entrenamiento por patrones atipicos simulados.,True,OTRO,335,-30,21,0,1,2026-05-06 17:53:00,2026-05-09 10:14:00,12,GENERALES,2025-01-11,2026-01-11,1644.65,32649.15,626.22,BROKER,Machala,VENCIDA,2026-05-03 17:23:00,2026-05-06 10:44:00,INDIVIDUAL,135,Machala,3,1,0.0,525.25,2026-05-13 10:24:00,2026-05-16 13:45:00,,,,,,,,,,,,,,,,,,False,False,2,0,2,False,0,4,0,4,0,4,0,0,0,0,6,0,5,4,27
20,20,40,29.0,SALUD,Consulta especializada,2025-03-17,2025-04-09,8167.42,7812.52,0.0,RESERVA,Sucursal Machala,Siniestro simulado de ramo salud por cobertura medicamentos reportado en Machala.,False,TALLER,236,-494,23,0,0,2026-05-07 08:00:00,2026-05-10 11:21:00,40,SALUD,2024-07-24,2026-07-24,2018.41,40215.0,2376.42,AGENTE,Machala,ACTIVA,2026-05-04 08:30:00,2026-05-07 11:51:00,MASIVO,128,Machala,5,2,878.77,890.92,2026-05-14 08:40:00,2026-05-17 11:01:00,,,,,,,,,,TALLER,Santo Domingo,3.0,26505.98,33.33,140.0,2026-05-23 17:43:00,2026-05-26 10:04:00,True,False,2,0,2,False,0,0,0,4,0,4,0,5,4,10,0,0,5,0,32
21,21,33,9.0,GENERALES,Equipo electrónico,2024-11-20,2024-12-14,45181.28,38359.04,23284.09,PAGO_PARCIAL,Sucursal Cuenca,Siniestro simulado de ramo generales por cobertura transporte de mercadería reportado en Manta.,True,CLINICA,335,-30,24,0,0,2026-05-08 09:07:00,2026-05-11 12:28:00,33,GENERALES,2023-12-21,2024-12-20,5947.67,84693.65,4016.26,AGENTE,Manta,VENCIDA,2026-05-05 09:37:00,2026-05-08 12:58:00,INDIVIDUAL,38,Daule,5,1,0.0,552.03,2026-05-07 11:51:00,2026-05-10 14:12:00,,,,,,,,,,CLINICA,Quito,1.0,45181.28,7.18,75.0,2026-05-03 17:23:00,2026-05-06 10:44:00,True,False,1,0,1,False,0,4,0,0,0,0,0,0,0,10,0,0,5,4,23
22,22,50,24.0,SALUD,Cirugía ambulatoria,2024-08-29,2024-09-23,26247.5,26818.45,0.0,CIERRE_SIN_CONSECUENCIA,Sucursal Manta,Siniestro simulado de ramo salud por cobertura medicamentos reportado en Guayaquil. Caso marcado como observado para entrenamiento por patrones atipicos simulados.,True,CLINICA,326,-39,25,2,1,2026-05-09 10:14:00,2026-05-12 13:35:00,50,SALUD,2023-10-08,2024-10-07,834.58,50059.01,394.69,OFICINA,Guayaquil,VENCIDA,2026-05-06 10:44:00,2026-05-09 13:05:00,MASIVO,54,Guayaquil,3,2,297.97,656.4,2026-05-24 08:50:00,2026-05-27 11:11:00,,,,,,,,,,CLINICA,Portoviejo,6.0,14380.89,16.67,138.0,2026-05-18 12:08:00,2026-05-21 15:29:00,True,False,0,0,0,False,0,0,0,0,0,0,0,5,0,10,6,0,5,4,30
23,23,57,35.0,VEHICULOS,Pérdida parcial,2024-02-02,2024-02-08,11188.38,10423.05,6646.13,ANTICIPO,Matriz Guayaquil,Siniestro simulado de ramo vehiculos por cobertura robo total reportado en Ambato.,True,OTRO,388,-342,6,0,0,2026-05-10 11:21:00,2026-05-13 14:42:00,57,VEHICULOS,2023-01-10,2025-01-09,1434.61,22068.36,587.42,BROKER,Ambato,VENCIDA,2026-05-07 11:51:00,2026-05-10 14:12:00,INDIVIDUAL,153,Ambato,1,0,906.14,726.29,2026-05-04 15:39:00,2026-05-07 08:00:00,3.0,UBA-1301,YPLYLTUB0JM5UYEA9,MTR1Z8B2CXLA,NISSAN,FRONTIER,2015.0,2026-05-07 11:51:00,2026-05-10 14:12:00,OTRO,Ambato,1.0,11188.38,3.21,135.0,2026-05-02 13:25:00,2026-05-05 16:46:00,True,False,0,0,0,False,0,0,0,0,0,0,0,0,0,10,0,0,3,0,13
24,24,35,3.0,GENERALES,Responsabilidad civil,2024-05-09,2024-05-24,10650.45,9301.55,0.0,CIERRE_SIN_CONSECUENCIA,Sucursal Quito,Siniestro simulado de ramo generales por cobertura responsabilidad civil reportado en Guayaquil.,False,CLINICA,97,-268,15,0,0,2026-05-11 12:28:00,2026-05-14 15:49:00,35,GENERALES,2024-02-02,2025-02-01,1850.26,37932.2,546.07,CALL_CENTER,Guayaquil,VENCIDA,2026-05-08 12:58:00,2026-05-11 15:19:00,PYME,32,Guayaquil,3,0,0.0,627.91,2026-05-09 13:05:00,2026-05-12 16:26:00,,,,,,,,,,CLINICA,Portoviejo,2.0,15289.56,17.64,128.0,2026-05-24 11:41:00,2026-05-27 14:02:00,True,False,2,0,2,True,0,0,0,4,0,4,0,0,4,10,0,0,5,0,27
25,25,47,19.0,VEHICULOS,Choque parcial,2024-10-05,2024-10-08,1968.59,1837.07,1377.8,PAGO_TOTAL,Sucursal Quito,Siniestro simulado de ramo vehiculos por cobertura rotura de vidrios reportado en Portoviejo.,False,PERITO,152,-28,3,0,0,2026-05-12 13:35:00,2026-05-15 16:56:00,47,VEHICULOS,2024-05-06,2024-11-02,1849.0,24905.5,1632.66,AGENTE,Portoviejo,VENCIDA,2026-05-09 13:05:00,2026-05-12 16:26:00,INDIVIDUAL,46,Portoviejo,2,0,0.0,601.53,2026-05-21 15:29:00,2026-05-24 08:50:00,4.0,ABA-1328,XYBUJ8A9J30WBAKP6,MTRMI3M14YI5,RENAULT,DUSTER,2022.0,2026-05-09 13:05:00,2026-05-12 16:26:00,PERITO,Guayaquil,5.0,9182.88,20.0,38.0,2026-05-13 17:33:00,2026-05-16 10:54:00,True,False,0,0,0,False,0,4,0,0,0,0,0,5,4,10,0,0,0,0,23
26,26,60,11.0,SALUD,Medicamentos,2024-08-28,2024-09-03,21305.99,21968.06,20729.88,PAGO_TOTAL,Sucursal Quito,Siniestro simulado de ramo salud por cobertura hospitalización reportado en Ambato.,True,PERITO,155,-210,6,0,0,2026-05-13 14:42:00,2026-05-16 17:03:00,60,SALUD,2024-03-26,2025-03-26,1341.64,40446.76,576.11,BROKER,Ambato,VENCIDA,2026-05-10 14:12:00,2026-05-13 17:33:00,MASIVO,82,Ambato,2,0,0.0,859.35,2026-05-07 08:00:00,2026-05-10 11:21:00,,,,,,,,,,PERITO,Ambato,5.0,18791.9,40.0,133.0,2026-05-05 09:37:00,2026-05-08 12:58:00,True,False,1,0,1,False,0,0,0,0,0,0,0,10,0,10,0,0,3,0,23
27,27,1,16.0,VEHICULOS,Rotura de vidrios,2023-04-26,2023-04-26,11652.62,10020.19,8402.81,LIQUIDADO,Sucursal Quito,Siniestro simulado de ramo vehiculos por cobertura rotura de vidrios reportado en Santo Domingo.,True,PROVEEDOR,101,-629,0,0,0,2026-05-14 15:49:00,2026-05-17 08:10:00,1,VEHICULOS,2023-01-15,2025-01-14,2369.5,42102.74,1617.38,WEB,Santo Domingo,VENCIDA,2026-05-11 15:19:00,2026-05-14 08:40:00,INDIVIDUAL,15,Cuenca,2,1,0.0,633.14,2026-05-02 09:07:00,2026-05-05 12:28:00,5.0,MBA-1355,8P51VCWHNYSD7D6ZJ,MTRG4ZEUCDS7,JAC,S3,2018.0,2026-05-11 15:19:00,2026-05-14 08:40:00,PROVEEDOR,Guayaquil,6.0,11257.36,6.63,151.0,2026-05-10 14:12:00,2026-05-13 17:33:00,True,False,0,0,0,False,0,0,0,0,0,0,0,5,0,10,0,0,0,0,15
28,28,40,,VEHICULOS,Robo total,2025-11-23,2025-11-30,16710.61,13570.66,1919.23,PAGO_PARCIAL,Sucursal Cuenca,Siniestro simulado de ramo vehiculos por cobertura pérdida parcial reportado en Machala.,False,OTRO,249,-116,7,1,0,2026-05-15 16:56:00,2026-05-18 09:17:00,40,VEHICULOS,2025-03-19,2026-03-19,2762.32,44691.23,3369.31,OFICINA,Machala,VENCIDA,2026-05-12 16:26:00,2026-05-15 09:47:00,MASIVO,128,Machala,5,2,878.77,890.92,2026-05-14 08:40:00,2026-05-17 11:01:00,6.0,LBA-1369,ZM49XZHXTZNL70P1E,MTRKFTU3EWD3,CHEVROLET,D-MAX,2023.0,2026-05-12 16:26:00,2026-05-15 09:47:00,,,,,,,,,True,False,3,0,3,False,0,0,8,8,0,8,0,0,4,10,0,0,3,0,41
29,29,59,18.0,SALUD,Cirugía ambulatoria,2024-10-19,2024-10-20,21523.8,18525.86,0.0,NEGATIVA,Matriz Guayaquil,Siniestro simulado de ramo salud por cobertura hospitalización reportado en Quito.,True,PERITO,297,-68,1,0,0,2026-05-16 17:03:00,2026-05-19 10:24:00,59,SALUD,2023-12-27,2024-12-26,2577.29,51024.17,1246.84,CALL_CENTER,Quito,VENCIDA,2026-05-13 17:33:00,2026-05-16 10:54:00,MASIVO,107,Quito,1,0,0.0,692.31,2026-05-06 17:53:00,2026-05-09 10:14:00,,,,,,,,,,PERITO,Guayaquil,4.0,25946.51,11.01,24.0,2026-05-12 16:26:00,2026-05-15 09:47:00,False,False,0,0,0,False,0,0,0,0,0,0,0,5,0,0,0,0,0,0,5
30,30,53,31.0,SALUD,Emergencia,2024-06-24,2024-07-04,22122.51,21155.66,19986.45,LIQUIDADO,Matriz Guayaquil,Siniestro simulado de ramo salud por cobertura hospitalización reportado en Santo Domingo. Caso marcado como observado para entrenamiento por patrones atipicos simulados.,False,TALLER,47,-318,10,0,1,2026-05-17 08:10:00,2026-05-20 11:31:00,53,SALUD,2024-05-08,2025-05-08,653.57,21246.04,1169.21,CALL_CENTER,Santo Domingo,VENCIDA,2026-05-14 08:40:00,2026-05-17 11:01:00,CORPORATIVO,117,Santo Domingo,2,0,248.0,465.05,2026-05-27 11:11:00,2026-05-03 14:32:00,,,,,,,,,,TALLER,Santo Domingo,2.0,26575.21,50.0,92.0,2026-05-25 09:57:00,2026-05-01 12:18:00,True,False,1,0,1,False,0,0,0,0,0,0,0,10,4,10,6,0,5,5,40
31,31,52,24.0,GENERALES,Transporte de mercadería,2024-04-14,2024-05-04,2484.06,2219.73,1664.8,PAGO_TOTAL,Sucursal Manta,Siniestro simulado de ramo generales por cobertura responsabilidad civil reportado en Cuenca.,True,CLINICA,45,-320,20,0,0,2026-05-18 09:17:00,2026-05-21 12:38:00,52,GENERALES,2024-02-29,2025-02-28,1439.99,49211.62,3610.91,CALL_CENTER,Cuenca,VENCIDA,2026-05-15 09:47:00,2026-05-18 12:08:00,INDIVIDUAL,49,Cuenca,1,0,0.0,548.56,2026-05-26 10:04:00,2026-05-02 13:25:00,,,,,,,,,,CLINICA,Portoviejo,6.0,14380.89,16.67,138.0,2026-05-18 12:08:00,2026-05-21 15:29:00,False,False,0,0,0,False,0,0,0,0,0,0,0,5,0,0,0,0,5,0,10
32,32,30,24.0,VEHICULOS,Choque parcial,2024-12-22,2025-01-05,10514.03,10848.76,0.0,NEGATIVA,Sucursal Cuenca,Siniestro simulado de ramo vehiculos por cobertura choque parcial reportado en Manta.,False,CLINICA,62,-303,14,0,0,2026-05-19 10:24:00,2026-05-22 13:45:00,30,VEHICULOS,2024-10-21,2025-10-21,1045.23,34764.13,1569.77,OFICINA,Manta,VENCIDA,2026-05-16 10:54:00,2026-05-19 13:15:00,INDIVIDUAL,165,Manta,2,1,0.0,587.73,2026-05-04 08:30:00,2026-05-07 11:51:00,7.0,QBA-1422,96B739HK4VWEFY4VV,MTR4J6TXJW0Q,TOYOTA,HILUX,2020.0,2026-05-16 10:54:00,2026-05-19 13:15:00,CLINICA,Portoviejo,6.0,14380.89,16.67,138.0,2026-05-18 12:08:00,2026-05-21 15:29:00,True,True,0,0,0,False,0,0,0,0,0,0,0,5,4,10,0,0,5,0,24
33,33,25,,HOGAR,Robo domiciliario,2024-03-29,2024-04-20,3179.47,2885.77,0.0,RESERVA,Sucursal Manta,Siniestro simulado de ramo hogar por cobertura responsabilidad familiar reportado en Quito.,False,ASEGURADO,227,-138,22,1,0,2026-05-20 11:31:00,2026-05-23 14:52:00,25,HOGAR,2023-08-15,2024-08-14,679.72,34535.04,2353.15,AGENTE,Quito,VENCIDA,2026-05-17 11:01:00,2026-05-20 14:22:00,INDIVIDUAL,24,Quito,2,0,0.0,437.17,2026-05-26 13:55:00,2026-05-02 16:16:00,,,,,,,,,,,,,,,,,,True,False,0,0,0,False,0,0,8,0,0,0,0,0,4,10,0,0,5,0,27
34,34,7,14.0,VEHICULOS,Pérdida parcial,2026-01-28,2026-02-04,22960.86,23498.27,10935.71,PAGO_PARCIAL,Sucursal Manta,Siniestro simulado de ramo vehiculos por cobertura daños a terceros reportado en Quito.,False,PROVEEDOR,410,45,7,1,0,2026-05-21 12:38:00,2026-05-24 15:59:00,7,VEHICULOS,2024-12-14,2025-12-14,2359.25,44308.1,2789.77,WEB,Quito,VENCIDA,2026-05-18 12:08:00,2026-05-21 15:29:00,INDIVIDUAL,22,Quito,3,1,0.0,647.34,2026-05-08 15:49:00,2026-05-11 08:10:00,8.0,TBA-1449,D3JYP2WZS793TURGW,MTR66R3Q12L4,NISSAN,FRONTIER,2020.0,2026-05-18 12:08:00,2026-05-21 15:29:00,PROVEEDOR,Guayaquil,5.0,16149.71,21.74,51.0,2026-05-08 12:58:00,2026-05-11 15:19:00,True,False,1,0,1,False,0,0,0,0,0,0,0,5,4,10,0,0,3,0,22
35,35,60,21.0,VIDA,Fallecimiento,2024-08-02,2024-08-21,11058.66,10867.21,5370.16,LIQUIDADO,Sucursal Cuenca,Siniestro simulado de ramo vida por cobertura enfermedad grave reportado en Ambato.,True,ASEGURADO,353,-12,19,1,0,2026-05-22 13:45:00,2026-05-25 16:06:00,60,VIDA,2023-08-15,2024-08-14,7500.04,118181.65,5497.05,CALL_CENTER,Ambato,VENCIDA,2026-05-19 13:15:00,2026-05-22 16:36:00,MASIVO,82,Ambato,2,0,0.0,859.35,2026-05-07 08:00:00,2026-05-10 11:21:00,,,,,,,,,,BENEFICIARIO,Daule,3.0,38119.61,33.33,89.0,2026-05-15 09:47:00,2026-05-18 12:08:00,False,False,0,0,0,False,0,4,0,0,0,0,0,5,0,0,0,0,5,0,14
36,36,6,14.0,SALUD,Hospitalización,2024-02-09,2024-02-18,8518.35,8665.98,6916.53,LIQUIDADO,Matriz Guayaquil,Siniestro simulado de ramo salud por cobertura hospitalización reportado en Ambato.,True,PROVEEDOR,138,-227,9,0,0,2026-05-23 14:52:00,2026-05-26 17:13:00,6,SALUD,2023-09-24,2024-09-23,973.03,43591.62,1601.82,WEB,Ambato,VENCIDA,2026-05-20 14:22:00,2026-05-23 17:43:00,INDIVIDUAL,127,Ambato,2,0,0.0,833.62,2026-05-07 14:42:00,2026-05-10 17:03:00,,,,,,,,,,PROVEEDOR,Guayaquil,5.0,16149.71,21.74,51.0,2026-05-08 12:58:00,2026-05-11 15:19:00,True,False,1,0,1,False,0,0,0,0,0,0,0,5,0,10,0,0,5,0,20
37,37,33,19.0,VEHICULOS,Daños a terceros,2024-04-17,2024-04-27,9819.78,7467.79,0.0,RESERVA,Sucursal Quito,Siniestro simulado de ramo vehiculos por cobertura pérdida parcial reportado en Guayaquil.,False,PERITO,237,-128,10,1,0,2026-05-24 15:59:00,2026-05-27 08:20:00,33,VEHICULOS,2023-08-24,2024-08-23,698.63,24925.02,623.85,AGENTE,Guayaquil,VENCIDA,2026-05-21 15:29:00,2026-05-24 08:50:00,INDIVIDUAL,38,Daule,5,1,0.0,552.03,2026-05-07 11:51:00,2026-05-10 14:12:00,9.0,EBA-1489,NBRM7RBPLBS66HSP6,MTRBHVJFCZFW,VOLKSWAGEN,GOL,2019.0,2026-05-21 15:29:00,2026-05-24 08:50:00,PERITO,Guayaquil,5.0,9182.88,20.0,38.0,2026-05-13 17:33:00,2026-05-16 10:54:00,True,False,0,0,0,False,0,0,0,0,0,0,0,5,4,10,0,0,5,0,24
38,38,16,12.0,SALUD,Medicamentos,2024-12-03,2024-12-12,10523.6,9653.86,8192.37,LIQUIDADO,Matriz Guayaquil,Siniestro simulado de ramo salud por cobertura cirugía ambulatoria reportado en Cuenca.,True,PERITO,391,26,9,0,0,2026-05-25 16:06:00,2026-05-01 09:27:00,16,SALUD,2023-11-08,2024-11-07,449.13,25732.62,1461.49,AGENTE,Cuenca,CANCELADA,2026-05-22 16:36:00,2026-05-25 09:57:00,PYME,38,Cuenca,2,0,0.0,851.45,2026-05-17 14:52:00,2026-05-20 17:13:00,,,,,,,,,,PERITO,Guayaquil,3.0,17027.41,33.33,60.0,2026-05-06 10:44:00,2026-05-09 13:05:00,False,False,1,0,1,False,0,4,0,0,0,0,0,5,0,0,0,0,5,0,14
39,39,23,4.0,VEHICULOS,Daños a terceros,2023-10-20,2023-10-23,6400.44,5406.29,1194.28,PAGO_PARCIAL,Sucursal Cuenca,Siniestro simulado de ramo vehiculos por cobertura choque parcial reportado en Ambato.,False,TALLER,65,-300,3,0,0,2026-05-26 17:13:00,2026-05-02 10:34:00,23,VEHICULOS,2023-08-16,2024-08-15,618.38,11965.21,404.85,BANCA_SEGUROS,Ambato,VENCIDA,2026-05-23 17:43:00,2026-05-26 10:04:00,MASIVO,4,Ambato,2,0,0.0,576.67,2026-05-24 11:41:00,2026-05-27 14:02:00,10.0,HBA-1516,RA9HGECE94FZ6P619,MTROE7S67Q0G,CHEVROLET,SAIL,2014.0,2026-05-23 17:43:00,2026-05-26 10:04:00,TALLER,Santo Domingo,3.0,24763.94,8.17,168.0,2026-05-25 12:48:00,2026-05-01 15:09:00,True,False,1,0,1,False,0,0,0,0,0,0,0,5,4,10,0,0,0,0,19
40,40,35,16.0,VIDA,Fallecimiento,2023-06-27,2023-07-23,35304.67,36687.75,31004.62,LIQUIDADO,Sucursal Machala,Siniestro simulado de ramo vida por cobertura enfermedad grave reportado en Loja.,True,PROVEEDOR,80,-285,26,1,0,2026-05-27 08:20:00,2026-05-03 11:41:00,35,VIDA,2023-04-08,2024-04-07,1994.15,88257.22,4300.05,OFICINA,Loja,VENCIDA,2026-05-24 08:50:00,2026-05-27 11:11:00,PYME,32,Guayaquil,3,0,0.0,627.91,2026-05-09 13:05:00,2026-05-12 16:26:00,,,,,,,,,,PROVEEDOR,Guayaquil,6.0,11257.36,6.63,151.0,2026-05-10 14:12:00,2026-05-13 17:33:00,False,False,0,0,0,False,0,0,0,0,0,0,0,5,0,0,0,0,5,4,14
41,41,39,14.0,VEHICULOS,Pérdida parcial,2023-11-27,2023-12-05,8931.35,8666.61,4078.55,ANTICIPO,Sucursal Quito,Siniestro simulado de ramo vehiculos por cobertura rotura de vidrios reportado en Guayaquil.,False,PROVEEDOR,5,-175,8,0,0,2026-05-01 09:27:00,2026-05-04 12:48:00,39,VEHICULOS,2023-11-22,2024-05-20,2204.09,32011.32,1435.1,WEB,Guayaquil,CANCELADA,2026-05-25 09:57:00,2026-05-01 12:18:00,MASIVO,155,Guayaquil,2,0,0.0,645.66,2026-05-13 17:33:00,2026-05-16 10:54:00,11.0,OBA-1543,DTC5KK91P8HZS0M4D,MTRJJ8UB0UD9,KIA,SPORTAGE,2021.0,2026-05-25 09:57:00,2026-05-01 12:18:00,PROVEEDOR,Guayaquil,5.0,16149.71,21.74,51.0,2026-05-08 12:58:00,2026-05-11 15:19:00,True,False,0,0,0,False,0,8,0,0,0,0,0,5,4,10,0,0,5,0,32
42,42,17,,HOGAR,Incendio,2025-03-24,2025-04-20,26510.8,24535.18,11214.06,ANTICIPO,Sucursal Cuenca,Siniestro simulado de ramo hogar por cobertura robo domiciliario reportado en Cuenca.,False,,171,-9,27,0,0,2026-05-02 10:34:00,2026-05-05 13:55:00,17,HOGAR,2024-10-04,2025-04-02,1628.74,77023.5,3057.94,CALL_CENTER,Cuenca,CANCELADA,2026-05-26 10:04:00,2026-05-02 13:25:00,MASIVO,67,Cuenca,2,0,0.0,681.94,2026-05-18 15:59:00,2026-05-21 08:20:00,,,,,,,,,,,,,,,,,,True,True,1,0,1,False,0,8,0,0,0,0,0,0,4,10,0,0,5,4,31
43,43,33,19.0,OTRO,Asistencia,2025-06-11,2025-07-04,15950.25,13311.76,0.0,RESERVA,Sucursal Manta,Siniestro simulado de ramo otro por cobertura asistencia reportado en Machala. Caso marcado como observado para entrenamiento por patrones atipicos simulados.,False,PERITO,300,-65,23,2,1,2026-05-03 11:41:00,2026-05-06 14:02:00,33,OTRO,2024-08-15,2025-08-15,870.52,17798.66,1363.72,AGENTE,Machala,VENCIDA,2026-05-27 11:11:00,2026-05-03 14:32:00,INDIVIDUAL,38,Daule,5,1,0.0,552.03,2026-05-07 11:51:00,2026-05-10 14:12:00,,,,,,,,,,PERITO,Guayaquil,5.0,9182.88,20.0,38.0,2026-05-13 17:33:00,2026-05-16 10:54:00,True,False,4,0,4,False,0,0,0,8,0,8,0,5,4,10,6,0,5,0,46
44,44,46,4.0,GENERALES,Transporte de mercadería,2024-12-21,2025-01-16,40081.19,30963.86,0.0,RESERVA,Sucursal Quito,Siniestro simulado de ramo generales por cobertura riesgos nombrados reportado en Ambato.,True,TALLER,57,-123,26,0,0,2026-05-04 12:48:00,2026-05-07 15:09:00,46,GENERALES,2024-10-25,2025-04-23,4916.25,78203.83,4933.98,BROKER,Ambato,VENCIDA,2026-05-01 12:18:00,2026-05-04 15:39:00,PYME,114,Ambato,2,0,0.0,773.66,2026-05-20 14:22:00,2026-05-23 17:43:00,,,,,,,,,,TALLER,Santo Domingo,3.0,24763.94,8.17,168.0,2026-05-25 12:48:00,2026-05-01 15:09:00,False,False,1,0,1,False,0,0,0,0,0,0,0,5,0,0,0,0,5,4,14
45,45,14,7.0,SALUD,Cirugía ambulatoria,2025-08-04,2025-08-12,12953.77,12150.19,7794.65,ANTICIPO,Sucursal Cuenca,Siniestro simulado de ramo salud por cobertura consulta especializada reportado en Quito.,True,CLINICA,322,-43,8,0,0,2026-05-05 13:55:00,2026-05-08 16:16:00,14,SALUD,2024-09-16,2025-09-16,1015.97,33789.79,820.91,BROKER,Quito,CANCELADA,2026-05-02 13:25:00,2026-05-05 16:46:00,INDIVIDUAL,36,Quito,1,1,1062.49,783.63,2026-05-15 12:38:00,2026-05-18 15:59:00,,,,,,,,,,CLINICA,Quito,4.0,24617.57,10.58,99.0,2026-05-01 15:09:00,2026-05-04 08:30:00,False,False,0,0,0,False,0,0,0,0,0,0,0,5,0,0,0,0,5,0,10
46,46,56,27.0,VEHICULOS,Robo total,2025-10-30,2025-11-01,8465.85,8129.91,0.0,CIERRE_SIN_CONSECUENCIA,Sucursal Cuenca,Siniestro simulado de ramo vehiculos por cobertura rotura de vidrios reportado en Ambato.,True,TALLER,57,-123,2,2,0,2026-05-06 14:02:00,2026-05-09 17:23:00,56,VEHICULOS,2025-09-03,2026-03-02,1265.21,23524.65,1082.04,BANCA_SEGUROS,Ambato,ANULADA,2026-05-03 14:32:00,2026-05-06 17:53:00,PYME,33,Ambato,4,2,1167.72,717.36,2026-05-03 14:32:00,2026-05-06 17:53:00,12.0,IBA-1609,X46XDAAL5WB8L4SNR,MTRWXF61ZNAZ,NISSAN,FRONTIER,2021.0,2026-05-03 14:32:00,2026-05-06 17:53:00,TALLER,Quito,1.0,8465.85,2.96,89.0,2026-05-21 15:29:00,2026-05-24 08:50:00,False,False,1,0,1,False,0,0,4,0,0,0,0,0,0,0,0,0,0,0,4
47,47,39,16.0,GENERALES,Responsabilidad civil,2025-04-01,2025-04-11,10529.68,8859.16,7448.47,PAGO_TOTAL,Sucursal Manta,Siniestro simulado de ramo generales por cobertura responsabilidad civil reportado en Guayaquil.,True,PROVEEDOR,143,-222,10,1,0,2026-05-07 15:09:00,2026-05-10 08:30:00,39,GENERALES,2024-11-09,2025-11-09,1483.77,20834.49,1410.69,BROKER,Guayaquil,VENCIDA,2026-05-04 15:39:00,2026-05-07 08:00:00,MASIVO,155,Guayaquil,2,0,0.0,645.66,2026-05-13 17:33:00,2026-05-16 10:54:00,,,,,,,,,,PROVEEDOR,Guayaquil,6.0,11257.36,6.63,151.0,2026-05-10 14:12:00,2026-05-13 17:33:00,True,False,1,0,1,True,0,0,0,0,0,0,0,5,0,10,0,0,5,0,20
48,48,3,15.0,VEHICULOS,Robo total,2026-03-28,2026-04-20,27857.8,26814.52,0.0,NEGATIVA,Sucursal Cuenca,Siniestro simulado de ramo vehiculos por cobertura pérdida parcial reportado en Quito. Caso marcado como observado para entrenamiento por patrones atipicos simulados.,False,PERITO,250,-115,23,0,1,2026-05-08 16:16:00,2026-05-11 09:37:00,3,VEHICULOS,2025-07-21,2026-07-21,2248.0,32168.81,814.7,WEB,Quito,ACTIVA,2026-05-05 16:46:00,2026-05-08 09:07:00,INDIVIDUAL,38,Machala,1,1,438.62,502.37,2026-05-04 11:21:00,2026-05-07 14:42:00,13.0,RBA-1636,5T3KTVHBRFCVTUPEE,MTRON0GHGPHV,RENAULT,DUSTER,2019.0,2026-05-05 16:46:00,2026-05-08 09:07:00,PERITO,Guayaquil,4.0,18968.45,25.0,79.0,2026-05-09 13:05:00,2026-05-12 16:26:00,True,False,0,0,0,False,0,0,8,0,0,0,0,5,4,10,6,0,5,4,42
49,49,27,21.0,VEHICULOS,Choque parcial,2025-10-11,2025-11-01,13472.48,13662.74,8676.87,ANTICIPO,Sucursal Machala,Siniestro simulado de ramo vehiculos por cobertura pérdida parcial reportado en Daule.,True,ASEGURADO,57,-308,21,0,0,2026-05-09 17:23:00,2026-05-12 10:44:00,27,VEHICULOS,2025-08-15,2026-08-15,1589.51,27106.31,1553.87,BANCA_SEGUROS,Daule,ACTIVA,2026-05-06 17:53:00,2026-05-09 10:14:00,INDIVIDUAL,13,Daule,1,1,735.84,848.15,2026-05-01 15:09:00,2026-05-04 08:30:00,14.0,SBA-1650,CEM2HXD0G2YGN2PSM,MTR3UYN7P8QQ,SUZUKI,VITARA,2021.0,2026-05-06 17:53:00,2026-05-09 10:14:00,BENEFICIARIO,Daule,3.0,38119.61,33.33,89.0,2026-05-15 09:47:00,2026-05-18 12:08:00,False,False,0,0,0,False,0,0,0,0,0,0,0,5,0,0,0,0,5,0,10
50,50,29,14.0,SALUD,Medicamentos,2024-06-16,2024-06-23,32094.22,29406.83,0.0,RESERVA,Matriz Guayaquil,Siniestro simulado de ramo salud por cobertura hospitalización reportado en Santo Domingo.,False,PROVEEDOR,317,-413,7,0,0,2026-05-10 08:30:00,2026-05-13 11:51:00,29,SALUD,2023-08-04,2025-08-03,4207.7,60157.92,3282.31,BROKER,Santo Domingo,VENCIDA,2026-05-07 08:00:00,2026-05-10 11:21:00,MASIVO,168,Santo Domingo,2,1,0.0,987.49,2026-05-03 17:23:00,2026-05-06 10:44:00,,,,,,,,,,PROVEEDOR,Guayaquil,5.0,16149.71,21.74,51.0,2026-05-08 12:58:00,2026-05-11 15:19:00,True,False,0,0,0,False,0,0,0,0,0,0,0,5,4,10,0,0,3,4,26
51,51,53,23.0,VEHICULOS,Choque parcial,2024-02-13,2024-03-04,44900.8,36599.97,0.0,NEGATIVA,Sucursal Cuenca,Siniestro simulado de ramo vehiculos por cobertura choque parcial reportado en Santo Domingo. Caso marcado como observado para entrenamiento por patrones atipicos simulados.,False,CLINICA,285,-80,20,1,1,2026-05-11 09:37:00,2026-05-14 12:58:00,53,VEHICULOS,2023-05-04,2024-05-03,3326.19,44615.88,2649.84,CALL_CENTER,Santo Domingo,SUSPENDIDA,2026-05-08 09:07:00,2026-05-11 12:28:00,CORPORATIVO,117,Santo Domingo,2,0,248.0,465.05,2026-05-27 11:11:00,2026-05-03 14:32:00,15.0,XBA-1677,7X3FMKVUNN1SLRY6K,MTRDMDP7VCA8,CHEVROLET,D-MAX,2023.0,2026-05-08 09:07:00,2026-05-11 12:28:00,CLINICA,Daule,4.0,30334.04,25.0,60.0,2026-05-17 11:01:00,2026-05-20 14:22:00,True,False,0,0,0,False,0,0,0,0,0,0,0,5,4,10,6,0,5,5,35
52,52,44,11.0,SALUD,Medicamentos,2023-08-21,2023-09-19,61696.69,55537.08,0.0,NEGATIVA,Sucursal Machala,Siniestro simulado de ramo salud por cobertura emergencia reportado en Cuenca. Caso marcado como observado para entrenamiento por patrones atipicos simulados.,False,PERITO,69,-296,29,0,1,2026-05-12 10:44:00,2026-05-15 13:05:00,44,SALUD,2023-06-13,2024-06-12,4802.64,65631.12,1294.31,CALL_CENTER,Cuenca,VENCIDA,2026-05-09 10:14:00,2026-05-12 13:35:00,CORPORATIVO,51,Cuenca,1,0,0.0,552.64,2026-05-18 12:08:00,2026-05-21 15:29:00,,,,,,,,,,PERITO,Ambato,5.0,18791.9,40.0,133.0,2026-05-05 09:37:00,2026-05-08 12:58:00,True,True,0,0,0,False,0,0,0,0,0,0,0,10,4,10,6,0,5,4,39
53,53,19,18.0,GENERALES,Responsabilidad civil,2026-02-02,2026-02-28,51494.61,41958.44,24246.39,ANTICIPO,Sucursal Quito,Siniestro simulado de ramo generales por cobertura riesgos nombrados reportado en Manta.,True,PERITO,366,1,26,0,0,2026-05-13 11:51:00,2026-05-16 14:12:00,19,GENERALES,2025-02-01,2026-02-01,3511.01,101425.05,2425.9,OFICINA,Manta,VENCIDA,2026-05-10 11:21:00,2026-05-13 14:42:00,PYME,140,Manta,1,1,246.58,658.28,2026-05-20 17:13:00,2026-05-23 10:34:00,,,,,,,,,,PERITO,Guayaquil,4.0,25946.51,11.01,24.0,2026-05-12 16:26:00,2026-05-15 09:47:00,False,False,0,0,0,True,0,8,0,0,0,0,0,5,0,0,0,0,5,4,22
54,54,33,7.0,HOGAR,Robo domiciliario,2024-11-22,2024-11-24,35106.75,35595.82,8964.76,PAGO_PARCIAL,Matriz Guayaquil,Siniestro simulado de ramo hogar por cobertura responsabilidad familiar reportado en Daule.,True,CLINICA,282,-83,2,3,0,2026-05-14 12:58:00,2026-05-17 15:19:00,33,HOGAR,2024-02-14,2025-02-13,2697.62,74619.73,3330.25,CALL_CENTER,Daule,VENCIDA,2026-05-11 12:28:00,2026-05-14 15:49:00,INDIVIDUAL,38,Daule,5,1,0.0,552.03,2026-05-07 11:51:00,2026-05-10 14:12:00,,,,,,,,,,CLINICA,Quito,4.0,24617.57,10.58,99.0,2026-05-01 15:09:00,2026-05-04 08:30:00,False,False,2,0,2,False,0,0,4,4,0,4,0,5,0,0,0,0,0,4,21
55,55,23,,VEHICULOS,Daños a terceros,2023-07-13,2023-07-19,4913.19,4402.23,3679.51,LIQUIDADO,Sucursal Cuenca,Siniestro simulado de ramo vehiculos por cobertura pérdida parcial reportado en Ambato.,True,OTRO,157,-208,6,1,0,2026-05-15 13:05:00,2026-05-18 16:26:00,23,VEHICULOS,2023-02-06,2024-02-06,629.19,10815.57,722.72,AGENTE,Ambato,VENCIDA,2026-05-12 13:35:00,2026-05-15 16:56:00,MASIVO,4,Ambato,2,0,0.0,576.67,2026-05-24 11:41:00,2026-05-27 14:02:00,16.0,YBA-1730,VMLP582LBEYMC5MB2,MTRNGVMTCV92,TOYOTA,HILUX,2016.0,2026-05-12 13:35:00,2026-05-15 16:56:00,,,,,,,,,False,False,0,0,0,False,0,0,0,0,0,0,0,0,0,0,0,0,3,0,3
56,56,38,24.0,SALUD,Consulta especializada,2025-08-27,2025-09-01,1985.44,1694.78,1271.09,PAGO_TOTAL,Matriz Guayaquil,Siniestro simulado de ramo salud por cobertura consulta especializada reportado en Loja.,False,CLINICA,60,-120,5,0,0,2026-05-16 14:12:00,2026-05-19 17:33:00,38,SALUD,2025-06-28,2025-12-25,1488.32,56070.31,593.58,WEB,Loja,CANCELADA,2026-05-13 14:42:00,2026-05-16 17:03:00,CORPORATIVO,30,Loja,1,1,0.0,666.96,2026-05-12 16:26:00,2026-05-15 09:47:00,,,,,,,,,,CLINICA,Portoviejo,6.0,14380.89,16.67,138.0,2026-05-18 12:08:00,2026-05-21 15:29:00,True,True,0,0,0,False,0,0,0,0,0,0,0,5,4,10,0,0,3,0,22
57,57,45,,SALUD,Emergencia,2025-01-16,2025-01-23,5762.43,4475.17,3609.92,LIQUIDADO,Sucursal Cuenca,Siniestro simulado de ramo salud por cobertura medicamentos reportado en Machala.,False,,102,-263,7,1,0,2026-05-17 15:19:00,2026-05-20 08:40:00,45,SALUD,2024-10-06,2025-10-06,3579.65,48540.81,865.25,OFICINA,Machala,SUSPENDIDA,2026-05-14 15:49:00,2026-05-17 08:10:00,VIP,176,Machala,2,0,0.0,735.87,2026-05-19 13:15:00,2026-05-22 16:36:00,,,,,,,,,,,,,,,,,,True,True,1,0,1,False,0,0,0,0,0,0,0,0,4,10,0,0,3,0,17
58,58,17,,VIDA,Enfermedad grave,2024-03-09,2024-03-15,114940.44,114131.6,74561.8,ANTICIPO,Sucursal Manta,Siniestro simulado de ramo vida por cobertura gastos funerarios reportado en Cuenca. Caso marcado como observado para entrenamiento por patrones atipicos simulados.,False,OTRO,187,7,6,1,1,2026-05-18 16:26:00,2026-05-21 09:47:00,17,VIDA,2023-09-04,2024-03-02,6937.54,149640.1,7436.19,WEB,Cuenca,VENCIDA,2026-05-15 16:56:00,2026-05-18 09:17:00,MASIVO,67,Cuenca,2,0,0.0,681.94,2026-05-18 15:59:00,2026-05-21 08:20:00,,,,,,,,,,,,,,,,,,True,False,0,0,0,False,0,8,0,0,0,0,0,0,4,10,6,0,3,4,35
59,59,21,1.0,SALUD,Cirugía ambulatoria,2025-07-12,2025-08-02,417.87,418.65,54.51,ANTICIPO,Sucursal Manta,Siniestro simulado de ramo salud por cobertura hospitalización reportado en Portoviejo.,False,PROVEEDOR,397,32,21,0,0,2026-05-19 17:33:00,2026-05-22 10:54:00,21,SALUD,2024-06-10,2025-06-10,177.77,11282.81,733.28,AGENTE,Portoviejo,VENCIDA,2026-05-16 17:03:00,2026-05-19 10:24:00,CORPORATIVO,25,Portoviejo,3,3,0.0,399.72,2026-05-22 09:27:00,2026-05-25 12:48:00,,,,,,,,,,PROVEEDOR,Loja,1.0,417.87,7.77,44.0,2026-05-22 09:27:00,2026-05-25 12:48:00,True,False,0,0,0,False,0,0,0,0,0,0,0,0,4,10,0,0,5,0,19
60,60,35,33.0,HOGAR,Incendio,2024-02-04,2024-02-24,6029.65,5527.7,4913.6,LIQUIDADO,Sucursal Manta,Siniestro simulado de ramo hogar por cobertura responsabilidad familiar reportado en Guayaquil.,False,CLINICA,157,-23,20,2,0,2026-05-20 08:40:00,2026-05-23 11:01:00,35,HOGAR,2023-08-31,2024-02-27,1000.85,21887.26,614.1,CALL_CENTER,Guayaquil,VENCIDA,2026-05-17 08:10:00,2026-05-20 11:31:00,PYME,32,Guayaquil,3,0,0.0,627.91,2026-05-09 13:05:00,2026-05-12 16:26:00,,,,,,,,,,CLINICA,Ambato,1.0,6029.65,12.81,56.0,2026-05-27 11:11:00,2026-05-03 14:32:00,True,True,1,0,1,False,0,4,0,0,0,0,0,0,4,10,0,0,5,0,23
61,61,12,29.0,SALUD,Cirugía ambulatoria,2024-12-23,2025-01-20,9589.49,8803.02,8348.83,LIQUIDADO,Sucursal Machala,Siniestro simulado de ramo salud por cobertura medicamentos reportado en Manta.,False,TALLER,378,13,28,1,0,2026-05-21 09:47:00,2026-05-24 12:08:00,12,SALUD,2023-12-11,2024-12-10,762.88,24345.86,454.19,CALL_CENTER,Manta,VENCIDA,2026-05-18 09:17:00,2026-05-21 12:38:00,INDIVIDUAL,135,Machala,3,1,0.0,525.25,2026-05-13 10:24:00,2026-05-16 13:45:00,,,,,,,,,,TALLER,Santo Domingo,3.0,26505.98,33.33,140.0,2026-05-23 17:43:00,2026-05-26 10:04:00,True,False,1,0,1,False,0,4,0,0,0,0,0,5,4,10,0,0,5,0,28
62,62,49,10.0,SALUD,Emergencia,2026-05-19,2026-05-20,3503.54,3211.02,1000.43,ANTICIPO,Sucursal Manta,Siniestro simulado de ramo salud por cobertura cirugía ambulatoria reportado en Ambato.,True,ASEGURADO,532,-198,1,1,0,2026-05-22 10:54:00,2026-05-25 13:15:00,49,SALUD,2024-12-03,2026-12-03,1188.17,24718.06,1122.41,BANCA_SEGUROS,Ambato,ACTIVA,2026-05-19 10:24:00,2026-05-22 13:45:00,MASIVO,107,Ambato,4,2,545.21,500.41,2026-05-23 17:43:00,2026-05-26 10:04:00,,,,,,,,,,BENEFICIARIO,Guayaquil,1.0,3503.54,18.92,69.0,2026-05-04 08:30:00,2026-05-07 11:51:00,True,False,1,0,1,False,0,0,0,0,0,0,0,0,0,10,0,0,0,0,10
63,63,1,28.0,VEHICULOS,Pérdida parcial,2025-11-16,2025-11-29,21368.12,17981.41,16934.62,LIQUIDADO,Sucursal Manta,Siniestro simulado de ramo vehiculos por cobertura daños a terceros reportado en Cuenca. Caso marcado como observado para entrenamiento por patrones atipicos simulados.,False,CLINICA,257,-108,13,1,1,2026-05-23 11:01:00,2026-05-26 14:22:00,1,VEHICULOS,2025-03-04,2026-03-04,1941.82,44924.28,1046.79,OFICINA,Cuenca,VENCIDA,2026-05-20 11:31:00,2026-05-23 14:52:00,INDIVIDUAL,15,Cuenca,2,1,0.0,633.14,2026-05-02 09:07:00,2026-05-05 12:28:00,17.0,PBA-1835,R9K9MXT9TKYCU85RH,MTRVO5PQLQLS,JAC,S3,2019.0,2026-05-20 11:31:00,2026-05-23 14:52:00,CLINICA,Cuenca,3.0,11552.11,33.33,37.0,2026-05-22 16:36:00,2026-05-25 09:57:00,True,True,0,0,0,False,0,0,0,0,0,0,0,5,4,10,6,0,5,0,30
64,64,21,19.0,SALUD,Cirugía ambulatoria,2026-05-16,2026-05-27,8821.69,7962.83,7514.95,PAGO_TOTAL,Sucursal Manta,Siniestro simulado de ramo salud por cobertura consulta especializada reportado en Portoviejo.,True,PERITO,409,44,11,1,0,2026-05-24 12:08:00,2026-05-27 15:29:00,21,SALUD,2025-04-02,2026-04-02,1743.01,24369.42,447.88,WEB,Portoviejo,VENCIDA,2026-05-21 12:38:00,2026-05-24 15:59:00,CORPORATIVO,25,Portoviejo,3,3,0.0,399.72,2026-05-22 09:27:00,2026-05-25 12:48:00,,,,,,,,,,PERITO,Guayaquil,5.0,9182.88,20.0,38.0,2026-05-13 17:33:00,2026-05-16 10:54:00,False,False,2,0,2,False,0,0,0,4,0,4,0,5,0,0,0,0,5,0,18
65,65,9,15.0,HOGAR,Daños por agua,2024-04-08,2024-05-03,2151.11,1927.46,1105.24,LIQUIDADO,Matriz Guayaquil,Siniestro simulado de ramo hogar por cobertura robo domiciliario reportado en Quito.,False,PERITO,301,-64,25,1,0,2026-05-25 13:15:00,2026-05-01 16:36:00,9,HOGAR,2023-06-12,2024-06-11,2824.6,38127.13,822.22,BANCA_SEGUROS,Quito,VENCIDA,2026-05-22 13:45:00,2026-05-25 16:06:00,PYME,131,Cuenca,3,1,0.0,702.28,2026-05-10 17:03:00,2026-05-13 10:24:00,,,,,,,,,,PERITO,Guayaquil,4.0,18968.45,25.0,79.0,2026-05-09 13:05:00,2026-05-12 16:26:00,True,False,0,0,0,False,0,0,0,0,0,0,0,5,4,10,0,0,5,0,24
66,66,12,20.0,VIDA,Incapacidad total,2024-09-30,2024-10-01,18043.13,18788.73,7748.59,LIQUIDADO,Sucursal Manta,Siniestro simulado de ramo vida por cobertura enfermedad grave reportado en Machala.,True,PROVEEDOR,210,30,1,2,0,2026-05-26 14:22:00,2026-05-02 17:43:00,12,VIDA,2024-03-04,2024-08-31,6765.17,136928.32,10294.54,WEB,Machala,VENCIDA,2026-05-23 14:52:00,2026-05-26 17:13:00,INDIVIDUAL,135,Machala,3,1,0.0,525.25,2026-05-13 10:24:00,2026-05-16 13:45:00,,,,,,,,,,PROVEEDOR,Daule,2.0,12695.42,14.53,26.0,2026-05-14 08:40:00,2026-05-17 11:01:00,False,False,0,0,0,False,0,4,0,0,0,0,0,0,0,0,0,0,0,0,4
67,67,7,6.0,GENERALES,Transporte de mercadería,2024-02-29,2024-03-15,9029.54,6932.51,5976.12,LIQUIDADO,Sucursal Machala,Siniestro simulado de ramo generales por cobertura transporte de mercadería reportado en Quito.,False,TALLER,375,10,15,2,0,2026-05-27 15:29:00,2026-05-03 08:50:00,7,GENERALES,2023-02-19,2024-02-19,1856.54,28250.32,956.39,OFICINA,Quito,VENCIDA,2026-05-24 15:59:00,2026-05-27 08:20:00,INDIVIDUAL,22,Quito,3,1,0.0,647.34,2026-05-08 15:49:00,2026-05-11 08:10:00,,,,,,,,,,TALLER,Manta,3.0,14183.46,0.75,43.0,2026-05-27 14:02:00,2026-05-03 17:23:00,True,True,0,0,0,False,0,8,0,0,0,0,0,5,4,10,0,0,5,0,32
68,68,22,28.0,VEHICULOS,Pérdida parcial,2025-01-23,2025-02-20,8458.12,8059.74,5361.71,PAGO_PARCIAL,Matriz Guayaquil,Siniestro simulado de ramo vehiculos por cobertura robo total reportado en Santo Domingo.,True,CLINICA,503,-227,28,0,0,2026-05-01 16:36:00,2026-05-04 09:57:00,22,VEHICULOS,2023-09-08,2025-09-07,1078.64,15801.69,942.75,BROKER,Santo Domingo,VENCIDA,2026-05-25 16:06:00,2026-05-01 09:27:00,INDIVIDUAL,28,Santo Domingo,1,0,501.6,680.03,2026-05-23 10:34:00,2026-05-26 13:55:00,18.0,GCA-1901,K19EF2U5LAE8L115Z,MTR8W43K4182,HYUNDAI,TUCSON,2016.0,2026-05-25 16:06:00,2026-05-01 09:27:00,CLINICA,Cuenca,3.0,11552.11,33.33,37.0,2026-05-22 16:36:00,2026-05-25 09:57:00,True,False,0,0,0,False,0,0,0,0,0,0,0,5,0,10,0,0,5,0,20
69,69,21,24.0,VEHICULOS,Choque parcial,2026-02-12,2026-02-24,1697.36,1551.47,117.04,ANTICIPO,Sucursal Manta,Siniestro simulado de ramo vehiculos por cobertura robo total reportado en Machala.,False,CLINICA,522,-208,12,2,0,2026-05-02 17:43:00,2026-05-05 10:04:00,21,VEHICULOS,2024-09-08,2026-09-08,967.21,30521.51,2291.5,BANCA_SEGUROS,Machala,ACTIVA,2026-05-26 17:13:00,2026-05-02 10:34:00,CORPORATIVO,25,Portoviejo,3,3,0.0,399.72,2026-05-22 09:27:00,2026-05-25 12:48:00,19.0,UBA-1915,YVLAYVM2B5E1MT4NR,MTR6S6LIMQY6,TOYOTA,COROLLA,2021.0,2026-05-26 17:13:00,2026-05-02 10:34:00,CLINICA,Portoviejo,6.0,14380.89,16.67,138.0,2026-05-18 12:08:00,2026-05-21 15:29:00,True,True,1,0,1,False,0,0,0,0,0,0,0,5,4,10,0,0,5,0,24
70,70,2,34.0,HOGAR,Daños por agua,2025-01-28,2025-01-30,8198.55,7291.88,5468.91,PAGO_TOTAL,Sucursal Manta,Siniestro simulado de ramo hogar por cobertura responsabilidad familiar reportado en Daule.,True,OTRO,301,-64,2,0,0,2026-05-03 08:50:00,2026-05-06 11:11:00,2,HOGAR,2024-04-02,2025-04-02,1188.89,25081.08,1987.96,AGENTE,Daule,VENCIDA,2026-05-27 08:20:00,2026-05-03 11:41:00,VIP,51,Loja,1,0,0.0,765.01,2026-05-03 10:14:00,2026-05-06 13:35:00,,,,,,,,,,OTRO,Ambato,3.0,6311.68,7.29,45.0,2026-05-01 12:18:00,2026-05-04 15:39:00,True,False,0,0,0,False,0,0,0,0,0,0,0,5,0,10,0,0,0,0,15
71,71,47,20.0,HOGAR,Daños por agua,2025-02-25,2025-03-13,7347.7,5591.73,1081.54,PAGO_PARCIAL,Matriz Guayaquil,Siniestro simulado de ramo hogar por cobertura incendio reportado en Portoviejo.,True,PROVEEDOR,101,-264,16,1,0,2026-05-04 09:57:00,2026-05-07 12:18:00,47,HOGAR,2024-11-16,2025-11-16,1728.61,42981.98,342.6,BANCA_SEGUROS,Portoviejo,VENCIDA,2026-05-01 09:27:00,2026-05-04 12:48:00,INDIVIDUAL,46,Portoviejo,2,0,0.0,601.53,2026-05-21 15:29:00,2026-05-24 08:50:00,,,,,,,,,,PROVEEDOR,Daule,2.0,12695.42,14.53,26.0,2026-05-14 08:40:00,2026-05-17 11:01:00,False,False,1,0,1,False,0,0,0,0,0,0,0,0,0,0,0,0,5,0,5
72,72,55,11.0,SALUD,Emergencia,2023-03-06,2023-03-12,5416.36,4366.33,0.0,CIERRE_SIN_CONSECUENCIA,Sucursal Manta,Siniestro simulado de ramo salud por cobertura cirugía ambulatoria reportado en Santo Domingo. Caso marcado como observado para entrenamiento por patrones atipicos simulados.,True,PERITO,62,-303,6,0,1,2026-05-05 10:04:00,2026-05-08 13:25:00,55,SALUD,2023-01-03,2024-01-03,421.25,8964.48,192.13,OFICINA,Santo Domingo,CANCELADA,2026-05-02 10:34:00,2026-05-05 13:55:00,CORPORATIVO,1,Portoviejo,2,1,0.0,728.69,2026-05-02 13:25:00,2026-05-05 16:46:00,,,,,,,,,,PERITO,Ambato,5.0,18791.9,40.0,133.0,2026-05-05 09:37:00,2026-05-08 12:58:00,False,False,0,0,0,False,0,0,0,0,0,0,0,10,0,0,6,0,3,0,19
73,73,6,6.0,OTRO,Evento no clasificado,2023-11-03,2023-11-18,5232.81,5048.89,4606.63,LIQUIDADO,Sucursal Machala,Siniestro simulado de ramo otro por cobertura cobertura especial reportado en Ambato.,False,TALLER,77,-103,15,1,0,2026-05-06 11:11:00,2026-05-09 14:32:00,6,OTRO,2023-08-18,2024-02-14,1189.22,15915.69,442.26,BROKER,Ambato,CANCELADA,2026-05-03 11:41:00,2026-05-06 14:02:00,INDIVIDUAL,127,Ambato,2,0,0.0,833.62,2026-05-07 14:42:00,2026-05-10 17:03:00,,,,,,,,,,TALLER,Manta,3.0,14183.46,0.75,43.0,2026-05-27 14:02:00,2026-05-03 17:23:00,True,False,0,0,0,False,0,0,0,0,0,0,0,5,4,10,0,0,5,0,24
74,74,56,,SALUD,Cirugía ambulatoria,2025-07-02,2025-07-26,15293.73,13185.87,0.0,CIERRE_SIN_CONSECUENCIA,Sucursal Quito,Siniestro simulado de ramo salud por cobertura consulta especializada reportado en Ambato.,True,ASEGURADO,610,-120,24,3,0,2026-05-07 12:18:00,2026-05-10 15:39:00,56,SALUD,2023-10-31,2025-10-30,3146.37,47138.87,3002.36,WEB,Ambato,ANULADA,2026-05-04 12:48:00,2026-05-07 15:09:00,PYME,33,Ambato,4,2,1167.72,717.36,2026-05-03 14:32:00,2026-05-06 17:53:00,,,,,,,,,,,,,,,,,,False,False,0,0,0,False,0,0,0,0,0,0,0,0,0,0,0,0,5,0,5
75,75,33,23.0,VEHICULOS,Rotura de vidrios,2025-02-21,2025-03-07,11955.06,11674.57,0.0,RESERVA,Sucursal Machala,Siniestro simulado de ramo vehiculos por cobertura daños a terceros reportado en Daule.,True,CLINICA,87,-278,14,4,0,2026-05-08 13:25:00,2026-05-11 16:46:00,33,VEHICULOS,2024-11-26,2025-11-26,2660.13,36862.19,1107.16,BANCA_SEGUROS,Daule,VENCIDA,2026-05-05 13:55:00,2026-05-08 16:16:00,INDIVIDUAL,38,Daule,5,1,0.0,552.03,2026-05-07 11:51:00,2026-05-10 14:12:00,20.0,ABA-1994,E96S5DM82532577PL,MTR0G3OHNC61,SUZUKI,VITARA,2022.0,2026-05-05 13:55:00,2026-05-08 16:16:00,CLINICA,Daule,4.0,30334.04,25.0,60.0,2026-05-17 11:01:00,2026-05-20 14:22:00,True,False,3,0,3,False,0,0,0,8,0,8,0,5,0,10,0,0,5,0,36
76,76,49,,GENERALES,Transporte de mercadería,2024-10-22,2024-11-08,10503.55,8662.52,4572.68,PAGO_PARCIAL,Sucursal Manta,Siniestro simulado de ramo generales por cobertura transporte de mercadería reportado en Ambato.,False,,88,-92,17,2,0,2026-05-09 14:32:00,2026-05-12 17:53:00,49,GENERALES,2024-07-26,2025-01-22,1410.28,23668.76,877.53,WEB,Ambato,VENCIDA,2026-05-06 14:02:00,2026-05-09 17:23:00,MASIVO,107,Ambato,4,2,545.21,500.41,2026-05-23 17:43:00,2026-05-26 10:04:00,,,,,,,,,,,,,,,,,,True,False,1,0,1,False,0,0,0,0,0,0,0,0,4,10,0,0,5,0,19
77,77,37,22.0,SALUD,Hospitalización,2023-11-11,2023-12-08,56848.73,49238.69,33429.77,ANTICIPO,Sucursal Manta,Siniestro simulado de ramo salud por cobertura hospitalización reportado en Machala. Caso marcado como observado para entrenamiento por patrones atipicos simulados.,False,TALLER,172,-193,27,0,1,2026-05-10 15:39:00,2026-05-13 08:00:00,37,SALUD,2023-05-23,2024-05-22,3080.49,54601.61,3262.39,CALL_CENTER,Machala,CANCELADA,2026-05-07 15:09:00,2026-05-10 08:30:00,INDIVIDUAL,46,Machala,1,0,1285.7,642.8,2026-05-11 15:19:00,2026-05-14 08:40:00,,,,,,,,,,TALLER,Loja,2.0,33163.36,50.0,144.0,2026-05-16 10:54:00,2026-05-19 13:15:00,True,True,0,0,0,False,0,0,0,0,0,0,0,10,4,10,6,0,5,5,40
78,78,51,34.0,VEHICULOS,Robo total,2024-12-08,2025-01-04,3588.14,2691.76,2018.82,PAGO_TOTAL,Sucursal Machala,Siniestro simulado de ramo vehiculos por cobertura rotura de vidrios reportado en Portoviejo.,False,OTRO,226,-139,27,0,0,2026-05-11 16:46:00,2026-05-14 09:07:00,51,VEHICULOS,2024-04-26,2025-04-26,945.53,20245.83,1437.88,CALL_CENTER,Portoviejo,VENCIDA,2026-05-08 16:16:00,2026-05-11 09:37:00,CORPORATIVO,113,Santo Domingo,2,0,116.23,614.67,2026-05-25 09:57:00,2026-05-01 12:18:00,21.0,MBA-2034,C3DM1H62JZ6FFLVF6,MTRCQW0GWWU9,KIA,RIO,2020.0,2026-05-08 16:16:00,2026-05-11 09:37:00,OTRO,Ambato,3.0,6311.68,7.29,45.0,2026-05-01 12:18:00,2026-05-04 15:39:00,True,True,1,0,1,False,0,0,8,0,0,0,0,5,4,10,0,0,5,0,32
79,79,40,23.0,VIDA,Incapacidad total,2024-03-26,2024-04-01,16277.65,12681.44,3583.99,ANTICIPO,Matriz Guayaquil,Siniestro simulado de ramo vida por cobertura fallecimiento reportado en Machala.,True,CLINICA,160,-205,6,2,0,2026-05-12 17:53:00,2026-05-15 10:14:00,40,VIDA,2023-10-18,2024-10-17,930.69,40985.64,406.68,BROKER,Machala,VENCIDA,2026-05-09 17:23:00,2026-05-12 10:44:00,MASIVO,128,Machala,5,2,878.77,890.92,2026-05-14 08:40:00,2026-05-17 11:01:00,,,,,,,,,,CLINICA,Daule,4.0,30334.04,25.0,60.0,2026-05-17 11:01:00,2026-05-20 14:22:00,False,False,0,0,0,False,0,0,0,0,0,0,0,5,0,0,0,0,3,0,8
80,80,32,3.0,SALUD,Consulta especializada,2026-05-05,2026-05-10,19928.66,19035.83,5842.09,ANTICIPO,Matriz Guayaquil,Siniestro simulado de ramo salud por cobertura medicamentos reportado en Santo Domingo.,True,CLINICA,255,-110,5,1,0,2026-05-13 08:00:00,2026-05-16 11:21:00,32,SALUD,2025-08-23,2026-08-23,1439.6,43067.01,2516.06,AGENTE,Santo Domingo,ACTIVA,2026-05-10 08:30:00,2026-05-13 11:51:00,PYME,147,Santo Domingo,3,2,0.0,742.44,2026-05-06 10:44:00,2026-05-09 13:05:00,,,,,,,,,,CLINICA,Portoviejo,2.0,15289.56,17.64,128.0,2026-05-24 11:41:00,2026-05-27 14:02:00,False,False,1,0,1,False,0,0,0,0,0,0,0,0,0,0,0,0,3,0,3
81,81,36,,VEHICULOS,Robo total,2024-01-20,2024-02-11,1648.13,1334.1,0.0,RESERVA,Sucursal Machala,Siniestro simulado de ramo vehiculos por cobertura choque parcial reportado en Machala.,False,ASEGURADO,169,-11,22,0,0,2026-05-14 09:07:00,2026-05-17 12:28:00,36,VEHICULOS,2023-08-04,2024-01-31,697.0,17330.72,88.81,WEB,Machala,VENCIDA,2026-05-11 09:37:00,2026-05-14 12:58:00,MASIVO,49,Machala,1,0,0.0,698.25,2026-05-10 14:12:00,2026-05-13 17:33:00,22.0,LBA-2074,8PBVNH2Z21BEUHKRH,MTRTRCO5U6L7,TOYOTA,HILUX,2017.0,2026-05-11 09:37:00,2026-05-14 12:58:00,,,,,,,,,True,False,0,0,0,False,0,4,8,0,0,0,0,0,4,10,0,0,5,0,31
82,82,46,,HOGAR,Incendio,2024-10-24,2024-11-18,5058.13,5066.43,4338.37,LIQUIDADO,Sucursal Machala,Siniestro simulado de ramo hogar por cobertura incendio reportado en Ambato.,True,,156,-209,25,1,0,2026-05-15 10:14:00,2026-05-18 13:35:00,46,HOGAR,2024-05-21,2025-05-21,1082.96,51767.38,719.76,AGENTE,Ambato,CANCELADA,2026-05-12 10:44:00,2026-05-15 13:05:00,PYME,114,Ambato,2,0,0.0,773.66,2026-05-20 14:22:00,2026-05-23 17:43:00,,,,,,,,,,,,,,,,,,False,False,0,0,0,False,0,0,0,0,0,0,0,0,0,0,0,0,5,0,5
83,83,29,32.0,VEHICULOS,Choque parcial,2026-03-08,2026-04-02,2976.17,2699.81,150.72,PAGO_PARCIAL,Matriz Guayaquil,Siniestro simulado de ramo vehiculos por cobertura daños a terceros reportado en Santo Domingo.,True,PROVEEDOR,396,31,25,1,0,2026-05-16 11:21:00,2026-05-19 14:42:00,29,VEHICULOS,2025-02-05,2026-02-05,803.47,37338.76,2560.78,WEB,Santo Domingo,VENCIDA,2026-05-13 11:51:00,2026-05-16 14:12:00,MASIVO,168,Santo Domingo,2,1,0.0,987.49,2026-05-03 17:23:00,2026-05-06 10:44:00,23.0,QBA-2101,JLEDB137M7JV46XRZ,MTRIO0H2PC9K,NISSAN,FRONTIER,2023.0,2026-05-13 11:51:00,2026-05-16 14:12:00,PROVEEDOR,Machala,2.0,5779.38,13.15,29.0,2026-05-26 10:04:00,2026-05-02 13:25:00,False,False,0,0,0,False,0,0,0,0,0,0,0,0,0,0,0,0,5,0,5
84,84,4,16.0,SALUD,Cirugía ambulatoria,2025-06-01,2025-06-26,4648.55,4878.02,2427.79,ANTICIPO,Sucursal Quito,Siniestro simulado de ramo salud por cobertura cirugía ambulatoria reportado en Quito.,True,PROVEEDOR,343,-22,25,0,0,2026-05-17 12:28:00,2026-05-20 15:49:00,4,SALUD,2024-06-23,2025-06-23,660.08,12139.5,877.42,BANCA_SEGUROS,Quito,VENCIDA,2026-05-14 12:58:00,2026-05-17 15:19:00,PYME,18,Portoviejo,1,1,0.0,539.09,2026-05-05 12:28:00,2026-05-08 15:49:00,,,,,,,,,,PROVEEDOR,Guayaquil,6.0,11257.36,6.63,151.0,2026-05-10 14:12:00,2026-05-13 17:33:00,False,False,0,0,0,False,0,4,0,0,0,0,0,5,0,0,0,0,5,0,14
85,85,32,19.0,VIDA,Incapacidad total,2024-07-16,2024-07-21,9354.1,9255.33,7864.67,PAGO_TOTAL,Sucursal Cuenca,Siniestro simulado de ramo vida por cobertura enfermedad grave reportado en Santo Domingo.,False,PERITO,138,-592,5,2,0,2026-05-18 13:35:00,2026-05-21 16:56:00,32,VIDA,2024-02-29,2026-02-28,1597.57,66958.63,1390.66,OFICINA,Santo Domingo,VENCIDA,2026-05-15 13:05:00,2026-05-18 16:26:00,PYME,147,Santo Domingo,3,2,0.0,742.44,2026-05-06 10:44:00,2026-05-09 13:05:00,,,,,,,,,,PERITO,Guayaquil,5.0,9182.88,20.0,38.0,2026-05-13 17:33:00,2026-05-16 10:54:00,True,True,0,0,0,False,0,0,0,0,0,0,0,5,4,10,0,0,3,0,22
86,86,5,11.0,GENERALES,Riesgos nombrados,2024-10-18,2024-10-25,3058.14,3139.96,0.0,CIERRE_SIN_CONSECUENCIA,Sucursal Quito,Siniestro simulado de ramo generales por cobertura responsabilidad civil reportado en Quito.,True,PERITO,52,-678,7,0,0,2026-05-19 14:42:00,2026-05-22 17:03:00,5,GENERALES,2024-08-27,2026-08-27,1090.17,39904.88,1412.9,WEB,Quito,ACTIVA,2026-05-16 14:12:00,2026-05-19 17:33:00,PYME,47,Quito,1,0,240.35,552.33,2026-05-06 13:35:00,2026-05-09 16:56:00,,,,,,,,,,PERITO,Ambato,5.0,18791.9,40.0,133.0,2026-05-05 09:37:00,2026-05-08 12:58:00,True,False,0,0,0,False,0,0,0,0,0,0,0,10,0,10,0,0,3,0,23
87,87,24,,VIDA,Enfermedad grave,2024-05-09,2024-06-07,48569.84,47856.12,43551.9,PAGO_TOTAL,Sucursal Quito,Siniestro simulado de ramo vida por cobertura enfermedad grave reportado en Manta.,True,ASEGURADO,220,-145,29,1,0,2026-05-20 15:49:00,2026-05-23 08:10:00,24,VIDA,2023-10-02,2024-10-01,2179.59,99412.1,4304.22,OFICINA,Manta,CANCELADA,2026-05-17 15:19:00,2026-05-20 08:40:00,MASIVO,78,Loja,3,1,587.72,800.6,2026-05-25 12:48:00,2026-05-01 15:09:00,,,,,,,,,,,,,,,,,,False,False,0,0,0,False,0,0,0,0,0,0,0,0,0,0,0,0,5,4,9
88,88,49,23.0,VIDA,Enfermedad grave,2025-08-09,2025-09-03,48202.63,48196.52,47115.42,LIQUIDADO,Sucursal Cuenca,Siniestro simulado de ramo vida por cobertura gastos funerarios reportado en Portoviejo.,True,CLINICA,585,-145,25,3,0,2026-05-21 16:56:00,2026-05-24 09:17:00,49,VIDA,2024-01-02,2026-01-01,2811.46,112441.62,1081.1,CALL_CENTER,Portoviejo,SUSPENDIDA,2026-05-18 16:26:00,2026-05-21 09:47:00,MASIVO,107,Ambato,4,2,545.21,500.41,2026-05-23 17:43:00,2026-05-26 10:04:00,,,,,,,,,,CLINICA,Daule,4.0,30334.04,25.0,60.0,2026-05-17 11:01:00,2026-05-20 14:22:00,True,False,1,0,1,False,0,0,0,0,0,0,0,5,0,10,0,0,5,4,24
89,89,58,16.0,VEHICULOS,Choque parcial,2025-04-18,2025-05-06,3663.32,3238.04,0.0,RESERVA,Sucursal Machala,Siniestro simulado de ramo vehiculos por cobertura choque parcial reportado en Loja.,True,PROVEEDOR,314,-51,18,1,0,2026-05-22 17:03:00,2026-05-25 10:24:00,58,VEHICULOS,2024-06-08,2025-06-08,692.13,8786.86,142.21,AGENTE,Loja,ANULADA,2026-05-19 17:33:00,2026-05-22 10:54:00,INDIVIDUAL,163,Loja,2,0,0.0,539.56,2026-05-05 16:46:00,2026-05-08 09:07:00,24.0,TBA-2180,FTGVRAT7NW6CDT1AH,MTRPMMCCSZSG,CHEVROLET,SAIL,2019.0,2026-05-19 17:33:00,2026-05-22 10:54:00,PROVEEDOR,Guayaquil,6.0,11257.36,6.63,151.0,2026-05-10 14:12:00,2026-05-13 17:33:00,False,False,0,0,0,False,0,0,0,0,0,0,0,5,0,0,0,0,5,0,10
90,90,55,12.0,SALUD,Cirugía ambulatoria,2026-02-11,2026-03-05,6997.95,5785.16,0.0,NEGATIVA,Matriz Guayaquil,Siniestro simulado de ramo salud por cobertura hospitalización reportado en Portoviejo.,True,PERITO,225,-140,22,1,0,2026-05-23 08:10:00,2026-05-26 11:31:00,55,SALUD,2025-07-01,2026-07-01,321.19,12746.27,250.36,BROKER,Portoviejo,ACTIVA,2026-05-20 08:40:00,2026-05-23 11:01:00,CORPORATIVO,1,Portoviejo,2,1,0.0,728.69,2026-05-02 13:25:00,2026-05-05 16:46:00,,,,,,,,,,PERITO,Guayaquil,3.0,17027.41,33.33,60.0,2026-05-06 10:44:00,2026-05-09 13:05:00,False,False,0,0,0,False,0,0,0,0,0,0,0,5,0,0,0,0,5,0,10
91,91,51,34.0,HOGAR,Robo domiciliario,2023-12-08,2023-12-19,7148.36,7422.85,0.0,NEGATIVA,Sucursal Cuenca,Siniestro simulado de ramo hogar por cobertura robo domiciliario reportado en Santo Domingo.,True,OTRO,72,-293,11,1,0,2026-05-24 09:17:00,2026-05-27 12:38:00,51,HOGAR,2023-09-27,2024-09-26,1021.83,17502.92,237.74,OFICINA,Santo Domingo,VENCIDA,2026-05-21 09:47:00,2026-05-24 12:08:00,CORPORATIVO,113,Santo Domingo,2,0,116.23,614.67,2026-05-25 09:57:00,2026-05-01 12:18:00,,,,,,,,,,OTRO,Ambato,3.0,6311.68,7.29,45.0,2026-05-01 12:18:00,2026-05-04 15:39:00,True,False,0,0,0,False,0,0,8,0,0,0,0,5,0,10,0,0,5,0,28
92,92,30,7.0,GENERALES,Transporte de mercadería,2025-06-13,2025-07-11,45644.17,39828.18,0.0,NEGATIVA,Sucursal Cuenca,Siniestro simulado de ramo generales por cobertura transporte de mercadería reportado en Loja.,False,CLINICA,81,-284,28,1,0,2026-05-25 10:24:00,2026-05-01 13:45:00,30,GENERALES,2025-03-24,2026-03-24,2410.73,112967.57,2126.13,OFICINA,Loja,CANCELADA,2026-05-22 10:54:00,2026-05-25 13:15:00,INDIVIDUAL,165,Manta,2,1,0.0,587.73,2026-05-04 08:30:00,2026-05-07 11:51:00,,,,,,,,,,CLINICA,Quito,4.0,24617.57,10.58,99.0,2026-05-01 15:09:00,2026-05-04 08:30:00,True,False,1,0,1,False,0,0,0,0,0,0,0,5,4,10,0,0,5,4,28
93,93,40,32.0,SALUD,Medicamentos,2025-10-28,2025-11-05,8582.59,6663.3,5945.42,LIQUIDADO,Sucursal Quito,Siniestro simulado de ramo salud por cobertura hospitalización reportado en Machala.,False,PROVEEDOR,159,-21,8,3,0,2026-05-26 11:31:00,2026-05-02 14:52:00,40,SALUD,2025-05-22,2025-11-18,1745.56,26282.51,717.88,CALL_CENTER,Machala,VENCIDA,2026-05-23 11:01:00,2026-05-26 14:22:00,MASIVO,128,Machala,5,2,878.77,890.92,2026-05-14 08:40:00,2026-05-17 11:01:00,,,,,,,,,,PROVEEDOR,Machala,2.0,5779.38,13.15,29.0,2026-05-26 10:04:00,2026-05-02 13:25:00,True,True,2,0,2,False,0,4,0,4,0,4,0,0,4,10,0,0,5,0,31
94,94,9,17.0,VEHICULOS,Daños a terceros,2024-05-24,2024-06-05,2225.8,1774.48,0.0,NEGATIVA,Sucursal Quito,Siniestro simulado de ramo vehiculos por cobertura choque parcial reportado en Cuenca.,True,CLINICA,155,-25,12,2,0,2026-05-27 12:38:00,2026-05-03 15:59:00,9,VEHICULOS,2023-12-21,2024-06-18,1390.35,36384.33,2807.79,BROKER,Cuenca,VENCIDA,2026-05-24 12:08:00,2026-05-27 15:29:00,PYME,131,Cuenca,3,1,0.0,702.28,2026-05-10 17:03:00,2026-05-13 10:24:00,25.0,EBA-2246,H9ZEBJH831DP4LPSW,MTRIGGAX4SPZ,TOYOTA,HILUX,2016.0,2026-05-24 12:08:00,2026-05-27 15:29:00,CLINICA,Manta,1.0,2225.8,9.43,80.0,2026-05-11 15:19:00,2026-05-14 08:40:00,False,False,1,0,1,False,0,4,0,0,0,0,0,0,0,0,0,0,5,0,9
95,95,10,12.0,HOGAR,Robo domiciliario,2024-04-15,2024-05-13,33560.67,34600.03,6963.91,ANTICIPO,Sucursal Machala,Siniestro simulado de ramo hogar por cobertura incendio reportado en Manta. Caso marcado como observado para entrenamiento por patrones atipicos simulados.,False,PERITO,379,14,28,0,1,2026-05-01 13:45:00,2026-05-04 16:06:00,10,HOGAR,2023-04-02,2024-04-01,2591.01,47060.13,3066.02,AGENTE,Manta,CANCELADA,2026-05-25 13:15:00,2026-05-01 16:36:00,PYME,101,Manta,1,0,0.0,687.4,2026-05-11 08:10:00,2026-05-14 11:31:00,,,,,,,,,,PERITO,Guayaquil,3.0,17027.41,33.33,60.0,2026-05-06 10:44:00,2026-05-09 13:05:00,True,True,0,0,0,False,0,4,8,0,0,0,0,5,4,10,6,0,5,4,46
96,96,24,18.0,VEHICULOS,Rotura de vidrios,2025-01-27,2025-01-30,22322.22,18457.64,9339.24,PAGO_PARCIAL,Sucursal Manta,Siniestro simulado de ramo vehiculos por cobertura daños a terceros reportado en Loja.,True,PERITO,67,-298,3,2,0,2026-05-02 14:52:00,2026-05-05 17:13:00,24,VEHICULOS,2024-11-21,2025-11-21,2110.68,41211.58,491.97,BROKER,Loja,VENCIDA,2026-05-26 14:22:00,2026-05-02 17:43:00,MASIVO,78,Loja,3,1,587.72,800.6,2026-05-25 12:48:00,2026-05-01 15:09:00,26.0,HBA-2273,1X0074BDP0KCK0U8V,MTRGKKWEF7WC,NISSAN,FRONTIER,2021.0,2026-05-26 14:22:00,2026-05-02 17:43:00,PERITO,Guayaquil,4.0,25946.51,11.01,24.0,2026-05-12 16:26:00,2026-05-15 09:47:00,True,False,1,0,1,False,0,0,0,0,0,0,0,5,0,10,0,0,0,0,15
97,97,13,22.0,SALUD,Consulta especializada,2025-09-05,2025-09-10,9478.0,9478.51,0.0,NEGATIVA,Sucursal Manta,Siniestro simulado de ramo salud por cobertura consulta especializada reportado en Cuenca.,True,TALLER,763,33,5,1,0,2026-05-03 15:59:00,2026-05-06 08:20:00,13,SALUD,2023-08-04,2025-08-03,1636.64,24845.42,238.41,WEB,Cuenca,VENCIDA,2026-05-27 15:29:00,2026-05-03 08:50:00,CORPORATIVO,176,Cuenca,2,1,0.0,608.57,2026-05-14 11:31:00,2026-05-17 14:52:00,,,,,,,,,,TALLER,Loja,2.0,33163.36,50.0,144.0,2026-05-16 10:54:00,2026-05-19 13:15:00,False,False,0,0,0,False,0,0,0,0,0,0,0,10,0,0,0,0,3,0,13
98,98,16,14.0,VEHICULOS,Rotura de vidrios,2024-11-21,2024-12-02,8243.78,8627.35,6918.16,LIQUIDADO,Sucursal Cuenca,Siniestro simulado de ramo vehiculos por cobertura daños a terceros reportado en Cuenca.,True,PROVEEDOR,155,-210,11,1,0,2026-05-04 16:06:00,2026-05-07 09:27:00,16,VEHICULOS,2024-06-19,2025-06-19,1919.16,28823.19,1325.62,BROKER,Cuenca,VENCIDA,2026-05-01 16:36:00,2026-05-04 09:57:00,PYME,38,Cuenca,2,0,0.0,851.45,2026-05-17 14:52:00,2026-05-20 17:13:00,27.0,OBA-2300,5C8RSBRLGUB6L0DDG,MTR7TDHCH193,RENAULT,DUSTER,2022.0,2026-05-01 16:36:00,2026-05-04 09:57:00,PROVEEDOR,Guayaquil,5.0,16149.71,21.74,51.0,2026-05-08 12:58:00,2026-05-11 15:19:00,True,False,0,0,0,False,0,0,0,0,0,0,0,5,0,10,0,0,5,0,20
99,99,11,8.0,VEHICULOS,Choque parcial,2024-11-20,2024-12-09,6957.74,7031.46,0.0,NEGATIVA,Sucursal Manta,Siniestro simulado de ramo vehiculos por cobertura choque parcial reportado en Loja.,True,CLINICA,362,-368,19,0,0,2026-05-05 17:13:00,2026-05-08 10:34:00,11,VEHICULOS,2023-11-24,2025-11-23,926.86,14954.06,1090.74,BROKER,Loja,VENCIDA,2026-05-02 17:43:00,2026-05-05 10:04:00,MASIVO,70,Loja,1,0,151.28,453.24,2026-05-12 09:17:00,2026-05-15 12:38:00,28.0,IBA-2314,B8RWJEA51P2WY0HK8,MTR3E4BMAV05,SUZUKI,VITARA,2013.0,2026-05-02 17:43:00,2026-05-05 10:04:00,CLINICA,Loja,1.0,6957.74,18.73,158.0,2026-05-02 16:16:00,2026-05-05 09:37:00,False,False,0,0,0,False,0,0,0,0,0,0,0,0,0,0,0,0,5,0,5
100,100,40,15.0,VIDA,Gastos funerarios,2025-01-21,2025-01-30,6039.71,5166.33,2649.1,PAGO_PARCIAL,Matriz Guayaquil,Siniestro simulado de ramo vida por cobertura enfermedad grave reportado en Machala.,True,PERITO,177,-188,9,4,0,2026-05-06 08:20:00,2026-05-09 11:41:00,40,VIDA,2024-07-28,2025-07-28,2247.91,32448.13,1839.5,AGENTE,Machala,VENCIDA,2026-05-03 08:50:00,2026-05-06 11:11:00,MASIVO,128,Machala,5,2,878.77,890.92,2026-05-14 08:40:00,2026-05-17 11:01:00,,,,,,,,,,PERITO,Guayaquil,4.0,18968.45,25.0,79.0,2026-05-09 13:05:00,2026-05-12 16:26:00,False,False,1,0,1,False,0,0,0,0,0,0,0,5,0,0,0,0,5,0,10
